"file","sha256"
"calibration-selection.rds","03690cae9a746a939871bc2cd8c09f4f93ca899f32adda972e661d2953bf8562"
"environment.rds","718c5e5705724ab33d8a8a2b76dbbfbeb6f523a48c2e5c0b9cb28fe314173c45"
"figures/projection_error.png","301b465cb03e2c3e51fa414eb7980695d4d4fff64f2c75d8e50bd2e50bb10226"
"figures/shared_recovery_error.png","e5630c28bb54a5b356feb79d86421d8a8079fd251bd13c21022de6cc78470801"
"holdout-report.rds","50e985b6cd7165e6289ec2f5ed34ea5b3e65a85a2779258c2c484a4124a90fe2"
"holdout-summary.csv","35ae9f3164db2a3b663c59d5ae60f006483d56b2bbc2ff63f88602e2131e0053"
"manifest.rds","14093ab9b23e2b79bee823d84e25803f71f41c1b48f1f1f883bb54287ab4b522"
"results.csv","c5d2c470f312a3be7210dfed7a4789650a342edb4ed08d88aaf5b084656af403"
"seed-manifest.csv","414aab72df3caac3c1a877d268ab31d78e9a6badcc0a4f89ff8e1b25e8f69fd9"
